AnimalID,Name,DateTime,FoundLocation,Latitude,Longitude,IntakeType,IntakeCondition,AnimalType,IntakeSex,IntakeAge,Breed
A764551,*Pringle,1/1/18 13:31,North Lamar And West Parmer Lane in Austin (TX),30.4077698,-97.6782286,Stray,Normal,Dog,Intact Female,5 months,Pit Bull Mix
A732095,Lincoln,1/2/18 12:41,Austin (TX),30.267153,-97.7430608,Stray,Normal,Dog,Neutered Male,3 years,Pit Bull Mix
A752481,Rock,1/2/18 14:42,3800 E 16Th St in Austin (TX),30.281283,-97.693155,Public Assist,Normal,Dog,Intact Male,2 years,Mastiff/Pit Bull
A764597,*Ebony,1/2/18 15:12,Austin (TX),30.267153,-97.7430608,Owner Surrender,Normal,Dog,Intact Female,2 years,Pit Bull Mix
A764602,Boscoe,1/2/18 15:53,1922 Gracy Farms Ln #B in Austin (TX),30.3984381,-97.7039742,Public Assist,Normal,Dog,Intact Male,5 years,Pit Bull Mix
A764572,Tyson,1/2/18 16:10,Austin (TX),30.267153,-97.7430608,Public Assist,Normal,Dog,Neutered Male,5 years,Pit Bull Mix
A764624,Popcorn,1/2/18 19:21,3204 Wickham Ln in Austin (TX),30.2321982,-97.5942048,Public Assist,Normal,Dog,Intact Male,1 year,Pit Bull Mix
A764651,Bino,1/3/18 13:49,1800 E Stassney in Austin (TX),30.1979,-97.761425,Stray,Normal,Dog,Intact Male,2 years,Pit Bull Mix
A764653,Gordy,1/3/18 13:57,2725 Lyle Dr in Austin (TX),30.2097811,-97.65022,Stray,Sick,Dog,Intact Female,14 years,Pit Bull Mix
A764672,Nova,1/3/18 16:51,7601 Daffan Ln in Austin (TX),30.3163875,-97.6245196,Stray,Normal,Dog,Intact Male,3 years,Pit Bull/Basset Hound
A764682,*Hamlet,1/3/18 22:49,1236 Porterfield Dr in Austin (TX),30.4002512,-97.6495766,Stray,Injured,Dog,Intact Male,1 year,Pit Bull Mix
A741374,*Pavarotti,1/4/18 11:58,300 Ferguson Dr Unit 204 in Austin (TX),30.3764322,-97.6855684,Stray,Normal,Dog,Intact Male,4 years,Pit Bull Mix
A764698,*Tigger,1/4/18 11:58,300 Ferguson Dr Unit 204 in Austin (TX),30.3764322,-97.6855684,Stray,Normal,Dog,Intact Male,1 year,Pit Bull Mix
A764697,*Happy,1/4/18 11:58,300 Ferguson Dr Unit 204 in Austin (TX),30.3764322,-97.6855684,Stray,Normal,Dog,Intact Male,6 months,Pit Bull Mix
A764711,*Pearl,1/4/18 14:20,Howard Lane And Interstate 35 in Austin (TX),30.4243431,-97.6711588,Stray,Normal,Dog,Intact Female,2 years,Pit Bull Mix
A741289,Chiquita,1/4/18 15:55,1127 Saucedo St in Austin (TX),30.2675215,-97.6890032,Stray,Normal,Dog,Intact Female,3 years,Pit Bull Mix
A667190,Money,1/4/18 15:55,1127 Saucedo St in Austin (TX),30.2675215,-97.6890032,Public Assist,Normal,Dog,Intact Male,5 years,Pit Bull Mix
A764721,Xena,1/5/18 7:06,1402 Meadowmear Dr in Austin (TX),30.3597846,-97.6718308,Stray,Normal,Dog,Spayed Female,2 years,American Pit Bull Terrier Mix
A738563,Daisy,1/5/18 9:56,Johnny Morris Rd in Austin (TX),30.3083511,-97.6429539,Stray,Normal,Dog,Intact Female,2 years,Pit Bull Mix
A764732,*Figaro,1/5/18 10:57,1500 Alameda Drive in Austin (TX),30.2467595,-97.743978,Stray,Normal,Dog,Intact Male,3 years,Pit Bull Mix
A716145,Rocky,1/5/18 14:06,5010 Edenbourgh Ln in Austin (TX),30.3341126,-97.6469913,Stray,Normal,Dog,Neutered Male,4 years,Pit Bull Mix
A715645,*Jolly,1/5/18 16:46,Austin (TX),30.267153,-97.7430608,Owner Surrender,Normal,Dog,Spayed Female,3 years,Pit Bull Mix
A764764,Tux,1/5/18 17:32,Old Lockhart Road And Carl Road in Travis (TX),30.1115609,-97.7492005,Stray,Normal,Dog,Intact Male,2 years,Pit Bull Mix
A736335,Lola,1/6/18 10:34,Loyola Ln And Bridgewater Cove in Austin (TX),30.3049905,-97.6645658,Stray,Normal,Dog,Intact Female,2 years,Pit Bull Mix
A764783,Bruce,1/6/18 12:56,Austin (TX),30.267153,-97.7430608,Owner Surrender,Normal,Dog,Neutered Male,2 years,Pit Bull Mix
A764788,*Piper,1/6/18 14:06,4901 Edenbourgh Ln in Travis (TX),30.3343232,-97.648456,Stray,Normal,Dog,Intact Female,6 months,Pit Bull Mix
A764787,,1/6/18 14:06,4901 Edenbourgh Ln in Travis (TX),30.3343232,-97.648456,Stray,Normal,Dog,Intact Male,6 months,Pit Bull Mix
A759173,*Petey,1/6/18 18:02,Tayside Drive And Harris Ridge Boulevard in Pflugerville (TX),30.4133067,-97.6461105,Stray,Normal,Dog,Neutered Male,11 months,Pit Bull Mix
A764831,,1/7/18 8:39,4434  Frontier Trl in Austin (TX),30.23144,-97.795757,Stray,Injured,Dog,Intact Male,10 months,Pit Bull Mix
A735302,Louie,1/7/18 11:08,706 Jett Court in Austin (TX),30.3886454,-97.6826002,Stray,Normal,Dog,Neutered Male,4 years,Pit Bull Mix
A737854,Zeus,1/7/18 13:00,Manor (TX),30.3407629,-97.5569456,Owner Surrender,Normal,Dog,Spayed Female,1 year,German Shepherd/Pit Bull
A764866,Sancho,1/8/18 10:20,13431 Klaus Lane in Travis (TX),30.3591139,-97.4266955,Stray,Normal,Dog,Intact Male,2 years,American Pit Bull Terrier Mix
A650409,Cricket,1/8/18 12:32,Austin (TX),30.267153,-97.7430608,Stray,Normal,Dog,Spayed Female,5 years,Australian Kelpie/Pit Bull
A746625,Blue,1/8/18 15:52,1201 Payton Gin in Austin (TX),30.3602094,-97.7083219,Stray,Normal,Dog,Intact Male,3 years,Pit Bull Mix
A755728,Rex,1/9/18 12:28,4435 South Lamar Boulevard in Austin (TX),30.231768,-97.7962666,Stray,Normal,Dog,Neutered Male,1 year,Pit Bull Mix
A764928,*Natasha,1/9/18 12:38,6100 Caddie in Austin (TX),30.2286559,-97.7044938,Stray,Normal,Dog,Intact Female,2 years,Pit Bull Mix
A764945,,1/9/18 15:55,6620 Blue Bluff Rd in Austin (TX),30.2814032,-97.6096194,Stray,Injured,Dog,Intact Male,4 years,Pit Bull Mix
A764976,Bailey,1/10/18 12:24,Vargas Drive And East Riverside in Austin (TX),30.2239684,-97.7011655,Stray,Normal,Dog,Intact Female,1 year,Pit Bull Mix
A699529,Keyshia,1/10/18 15:02,5006 Heflin in Austin (TX),30.284191,-97.6789537,Stray,Normal,Dog,Spayed Female,3 years,Pit Bull Mix
A760711,Louie,1/10/18 15:09,8210 Bent Tree Rd in Austin (TX),30.369821,-97.744975,Public Assist,Normal,Dog,Neutered Male,2 years,Pit Bull Mix
A764999,Kitana,1/10/18 17:16,Austin (TX),30.267153,-97.7430608,Owner Surrender,Normal,Dog,Intact Female,6 years,Pit Bull Mix
A764719,Jack,1/10/18 18:58,6111 Bee Caves Road in Austin (TX),30.2955898,-97.8299551,Stray,Normal,Dog,Intact Male,10 months,Pit Bull Mix
A765006,Killer,1/11/18 12:59,8220 Research Blvd in Austin (TX),30.3555328,-97.7161302,Stray,Normal,Dog,Intact Male,1 year,Pit Bull Mix
A765026,Tank,1/11/18 14:38,1144 Airport Boulevard in Austin (TX),30.2722056,-97.6982871,Stray,Normal,Dog,Intact Male,3 months,Pit Bull Mix
A765030,Cujo,1/11/18 15:41,5701 Gloucester in Austin (TX),30.3034627,-97.6786993,Stray,Normal,Dog,Intact Male,8 months,Pit Bull Mix
A765036,*Shirley,1/11/18 18:01,18300 Belfry Pass in Travis (TX),30.3171325,-97.5302814,Stray,Injured,Dog,Intact Female,3 years,Pit Bull Mix
A765035,*Sox,1/11/18 18:01,18300 Belfry Pass in Travis (TX),30.3171325,-97.5302814,Stray,Injured,Dog,Intact Male,7 months,Pit Bull Mix
A765046,*Leon,1/12/18 9:47,Stonleigh in Austin (TX),30.181842,-97.7617881,Stray,Normal,Dog,Intact Male,1 year,Pit Bull Mix
A765049,*Pretzel,1/12/18 11:01,18216 Flathead Dr in Travis (TX),30.3129207,-97.5332118,Stray,Normal,Dog,Intact Male,10 months,Pit Bull Mix
A742662,Rocky,1/12/18 11:04,Austin (TX),30.267153,-97.7430608,Public Assist,Normal,Dog,Neutered Male,2 years,Pit Bull Mix
A765065,Georgia,1/12/18 12:54,12600 Black Stone Ridge Gap in Manor (TX),,,Stray,Normal,Dog,Intact Female,2 years,Pit Bull Mix
A765100,Logan,1/13/18 8:59,Fontenay Dr And Medow Lake in Austin (TX),30.1798003,-97.7512594,Stray,Normal,Dog,Neutered Male,11 months,Pit Bull/Chow Chow
A687986,*Patron,1/13/18 11:04,Outside Jurisdiction,,,Owner Surrender,Normal,Dog,Neutered Male,4 years,Pit Bull Mix
A761244,Watcho,1/13/18 11:47,Austin (TX),30.267153,-97.7430608,Owner Surrender,Normal,Dog,Intact Male,3 years,Pit Bull Mix
A765113,*Ronnie,1/13/18 11:57,6600 Fm 969 in Austin (TX),30.2847203,-97.6571067,Stray,Normal,Dog,Intact Male,1 year,Pit Bull Mix
A765126,*Dottie,1/13/18 13:42,1600 Wickersham Lane in Austin (TX),30.2364768,-97.718735,Stray,Normal,Dog,Spayed Female,6 years,Pit Bull Mix
A731689,Ziggy,1/13/18 15:42,7313 Bennet Avenue in Austin (TX),30.333035,-97.698802,Stray,Normal,Dog,Spayed Female,1 year,Pit Bull Mix
A764968,Precious,1/13/18 17:14,Austin (TX),30.267153,-97.7430608,Public Assist,Normal,Dog,Intact Female,2 years,Boxer/Pit Bull
A761283,Jabba,1/14/18 14:57,8808 Piney Point Drive in Austin (TX),30.450069,-97.77628,Stray,Normal,Dog,Neutered Male,9 months,Pit Bull Mix
A701265,Blue,1/14/18 16:44,9901 Rodriguez Road in Austin (TX),30.1152071,-97.7039742,Stray,Normal,Dog,Neutered Male,4 years,Pit Bull Mix
A764732,*Figaro,1/14/18 17:01,Austin (TX),30.267153,-97.7430608,Owner Surrender,Normal,Dog,Neutered Male,3 years,Pit Bull Mix
A748253,Cocoa,1/15/18 11:16,Austin (TX),30.267153,-97.7430608,Owner Surrender,Normal,Dog,Spayed Female,1 year,Pit Bull Mix
A764719,Jack,1/15/18 12:25,Manor (TX),30.3407629,-97.5569456,Owner Surrender,Normal,Dog,Neutered Male,10 months,Pit Bull Mix
A765207,Brodie,1/15/18 12:27,907 West Slaughter Lane in Austin (TX),30.1606549,-97.807902,Stray,Normal,Dog,Intact Male,3 years,Pit Bull Mix
A765229,*Brian,1/15/18 14:48,1313 Montpolis Drive in Austin (TX),30.2301121,-97.6997328,Stray,Normal,Dog,Intact Male,1 year,Pit Bull Mix
A737833,Rio,1/15/18 16:18,4534 West Gate in Austin (TX),30.2307302,-97.802711,Stray,Normal,Dog,Neutered Male,3 years,Pit Bull Mix
A765250,Cowboy,1/15/18 22:04,6904 Juno in Austin (TX),30.2967026,-97.6450418,Owner Surrender,Injured,Dog,Intact Male,1 year,Pit Bull Mix
A765249,Luke,1/15/18 22:04,6904 Juno in Austin (TX),30.2967026,-97.6450418,Owner Surrender,Injured,Dog,Intact Male,1 year,Pit Bull Mix
A765284,Baby,1/17/18 7:38,Old Post Rd in Austin (TX),30.1781374,-97.7544128,Stray,Normal,Dog,Neutered Male,4 years,Pit Bull/German Shepherd
A765294,Dro,1/17/18 11:35,Loyola Lane And Johnny Morris Road in Austin (TX),30.3001757,-97.6482673,Stray,Normal,Dog,Intact Male,2 years,Pit Bull Mix
A765300,*Rajah,1/17/18 13:11,5800 Techni Center Drive in Austin (TX),30.2797067,-97.6699519,Stray,Normal,Dog,Intact Male,2 years,Pit Bull Mix
A736334,Roxie,1/17/18 13:56,124 West Anderson Lane in Austin (TX),30.3446809,-97.7052255,Stray,Normal,Dog,Intact Female,2 years,Pit Bull Mix
A736335,Lola,1/17/18 13:56,124 West Anderson Lane in Austin (TX),30.3446809,-97.7052255,Stray,Normal,Dog,Intact Female,2 years,Pit Bull Mix
A765311,,1/17/18 14:56,2410 East Riverside Drive in Austin (TX),30.237046,-97.723303,Stray,Normal,Dog,Intact Female,4 weeks,Pit Bull Mix
A731689,Ziggy,1/17/18 15:42,7211 Bennett Ave in Austin (TX),30.3317172,-97.6997858,Public Assist,Normal,Dog,Spayed Female,1 year,Pit Bull Mix
A765315,*Benito,1/17/18 15:55,10602 Macmora Rd in Austin (TX),30.3833956,-97.705989,Stray,Normal,Dog,Intact Male,3 years,Pit Bull Mix
A755464,Penelope,1/17/18 16:09,Fm 620 And Storm Lane in Austin (TX),30.3846186,-97.9427733,Stray,Normal,Dog,Spayed Female,2 years,Pit Bull Mix
A765318,*Bobby,1/17/18 16:35,5507 Jfk in Travis (TX),30.2522863,-97.5751168,Stray,Normal,Dog,Intact Male,3 years,Pit Bull Mix
A765336,Ice,1/17/18 22:36,Manchaca At Lear Lane in Austin (TX),30.1966521,-97.8094603,Public Assist,Normal,Dog,Intact Female,10 months,Pit Bull Mix
A765341,*Badger,1/18/18 11:22,1603 East Oltorf Street in Austin (TX),30.2330108,-97.7398454,Stray,Normal,Dog,Intact Male,1 year,Pit Bull Mix
A765207,Brodie,1/18/18 12:35,Brodie Lane And Sunland Drive in Austin (TX),30.158305,-97.8599484,Stray,Normal,Dog,Intact Male,3 years,Pit Bull Mix
A765360,Scrappy,1/18/18 13:53,Del Valle (TX),30.2091069,-97.6472349,Owner Surrender,Normal,Dog,Intact Female,4 years,Pit Bull Mix
A765374,Koda,1/18/18 16:41,Moore And Highway 130 in Austin (TX),30.2264499,-97.621989,Stray,Normal,Dog,Intact Male,2 years,Pit Bull Mix
A765394,*Bumper,1/19/18 10:43,700 Jf Nagel in Manor (TX),33.0429391,-97.0105495,Stray,Normal,Dog,Intact Male,2 years,Pit Bull Mix
A765424,Baby,1/19/18 19:48,2417 W Ben White in Austin (TX),30.232101,-97.794385,Stray,Injured,Dog,Intact Female,2 years,Pit Bull Mix
A765426,Jean Grey,1/20/18 8:14,13450 Research Boulevard in Austin (TX),30.4471133,-97.791454,Stray,Normal,Dog,Intact Female,2 years,Pit Bull Mix
A744057,*Hyatt,1/20/18 11:29,Outside Jurisdiction,,,Owner Surrender,Normal,Dog,Neutered Male,3 years,Pit Bull Mix
A765445,Argos,1/20/18 13:44,M9400 Meadow Vale in Austin (TX),30.3697162,-97.7125765,Stray,Normal,Dog,Neutered Male,2 years,Pit Bull Mix
A765448,*Eloise,1/20/18 14:07,Twin Creeks And Old Manchaca Road in Travis (TX),30.2481054,-97.5558687,Stray,Normal,Dog,Intact Female,2 years,Pit Bull/Rottweiler
A712560,Cocoa,1/20/18 18:45,13431 Klaus Lane in Travis (TX),30.3591139,-97.4266955,Stray,Normal,Dog,Spayed Female,3 years,Pit Bull Mix
A765493,*Milk Shake,1/21/18 12:33,12330 Soith Ih 35 Frontage Road in Austin (TX),30.1199598,-97.8043735,Stray,Normal,Dog,Intact Male,1 year,Pit Bull Mix
A765491,*Frenchfries,1/21/18 12:33,12330 Soith Ih 35 Frontage Road in Austin (TX),30.1199598,-97.8043735,Stray,Normal,Dog,Intact Male,1 year,Pit Bull Mix
A765495,*Tater Tot,1/21/18 13:29,South 1St Street And West Slaughter Lane in Austin (TX),30.1725547,-97.7995148,Stray,Normal,Dog,Intact Male,9 months,Pit Bull/Labrador Retriever
A764721,Xena,1/21/18 15:39,Outside Jurisdiction,,,Owner Surrender,Normal,Dog,Spayed Female,2 years,American Pit Bull Terrier Mix
A764651,Bino,1/21/18 16:14,Austin (TX),30.267153,-97.7430608,Owner Surrender,Normal,Dog,Neutered Male,2 years,Pit Bull Mix
A765513,Nerra,1/21/18 17:15,Smoothing Iron Drive in Pflugerville (TX),30.4316259,-97.6369618,Stray,Normal,Dog,Intact Female,10 months,Pit Bull Mix
A752934,*Malin,1/21/18 17:36,Lamar in Austin (TX),30.2444538,-97.7811197,Stray,Normal,Dog,Neutered Male,1 year,Pit Bull Mix
A616559,Stella,1/22/18 8:05,7103 Bennett Ave in Austin (TX),30.3304728,-97.7005811,Stray,Injured,Dog,Spayed Female,7 years,Pit Bull Mix
A765521,Jake,1/22/18 8:25,Stassney & South 1St in Austin (TX),30.2084327,-97.7815497,Stray,Sick,Dog,Neutered Male,16 years,Pit Bull Mix
A765523,Jj,1/22/18 10:27,1308 Yorkshire Dr in Austin (TX),30.316507,-97.6990118,Stray,Normal,Dog,Intact Female,2 years,Pit Bull Mix
A765476,Lola,1/22/18 12:13,Austin (TX),30.267153,-97.7430608,Owner Surrender,Normal,Dog,Spayed Female,3 years,Pit Bull Mix
A765548,Zoey,1/22/18 13:28,12120 Shropshire Boulevard in Austin (TX),30.3866644,-97.658435,Stray,Normal,Dog,Intact Female,1 year,Pit Bull Mix
A721494,Dallas,1/22/18 13:28,12120 Shropshire Boulevard in Austin (TX),30.3866644,-97.658435,Stray,Normal,Dog,Intact Male,3 years,Pit Bull Mix
A730105,Jackson,1/22/18 17:06,Austin (TX),30.267153,-97.7430608,Owner Surrender,Normal,Dog,Neutered Male,2 years,Pointer/Pit Bull
A765564,Smoker,1/22/18 17:31,7216 Meador Ave in Austin (TX),30.3303243,-97.6956931,Stray,Normal,Dog,Intact Female,1 year,Pit Bull Mix
A765565,Faith,1/22/18 17:31,7216 Meador Ave in Austin (TX),30.3303243,-97.6956931,Stray,Normal,Dog,Intact Female,6 months,Pit Bull Mix
A683757,Daisy,1/22/18 17:31,7216 Meador Ave in Austin (TX),30.3303243,-97.6956931,Stray,Normal,Dog,Spayed Female,4 years,Pit Bull Mix
A765566,*Two Tone,1/22/18 17:49,8615 Pleasant Ln in Austin (TX),30.3413141,-97.6753498,Stray,Normal,Dog,Intact Female,10 months,Pit Bull Mix
A668370,Jorge,1/22/18 21:19,Austin (TX),30.267153,-97.7430608,Stray,Normal,Dog,Intact Male,12 years,Pit Bull Mix
A744369,Buddy,1/23/18 11:39,Montopolis Drive And Santos Street in Austin (TX),30.2287733,-97.7010069,Stray,Normal,Dog,Intact Male,1 year,Pit Bull Mix
A765615,Jinkies,1/23/18 14:39,Loyola And Wentworth in Austin (TX),30.2929458,-97.6315886,Stray,Normal,Dog,Intact Female,7 months,Boxer/Pit Bull
A765622,,1/23/18 15:53,Austin (TX),30.267153,-97.7430608,Owner Surrender,Normal,Dog,Intact Male,1 month,Pit Bull Mix
A765410,Tiny Jr.,1/23/18 15:54,2523 Dovemeadow in Austin (TX),30.1901585,-97.7526413,Stray,Normal,Dog,Intact Female,1 year,Pit Bull Mix
A765651,Bibi,1/24/18 8:42,120 W. Oltorf in Austin (TX),30.2398247,-97.7541481,Stray,Normal,Dog,Intact Female,2 years,Pit Bull Mix
A679597,Bruno,1/24/18 13:12,6102 Caroline in Austin (TX),30.2592958,-97.5734994,Stray,Normal,Dog,Neutered Male,4 years,Pit Bull/Labrador Retriever
A765672,Anthony,1/24/18 14:08,Austin (TX),30.267153,-97.7430608,Owner Surrender,Normal,Dog,Intact Male,9 months,Pit Bull Mix
A765512,Vanilla,1/24/18 14:41,Austin (TX),30.267153,-97.7430608,Public Assist,Normal,Dog,Spayed Female,5 years,Pit Bull Mix
A765695,Harvey Quinn,1/24/18 19:14,Bittern Hollow And Jersey Drive in Austin (TX),30.3914641,-97.6995683,Stray,Normal,Dog,Spayed Female,3 years,Pit Bull Mix
A765714,*Sierra,1/25/18 12:58,5902 Thames Drive in Austin (TX),30.3116886,-97.687307,Stray,Normal,Dog,Intact Female,1 year,Pit Bull Mix
A765737,*Ernie,1/25/18 15:58,11316 Farmhaven Rd in Austin (TX),30.3518803,-97.6174027,Stray,Normal,Dog,Intact Male,2 years,Pit Bull/Weimaraner
A631093,Chugar,1/25/18 16:18,1910 Hearthside in Austin (TX),30.3662586,-97.7222151,Stray,Normal,Dog,Intact Female,5 years,Pit Bull Mix
A765753,*Peach,1/26/18 9:31,5800 Techni Center in Austin (TX),30.2797067,-97.6699519,Stray,Normal,Dog,Intact Female,2 years,Pit Bull Mix
A765759,Odin Cooper,1/26/18 12:15,Austin (TX),30.267153,-97.7430608,Public Assist,Normal,Dog,Intact Male,1 year,Pit Bull Mix
A765795,Tigre,1/27/18 9:45,Austin (TX),30.267153,-97.7430608,Owner Surrender,Normal,Dog,Intact Male,3 years,Pit Bull Mix
A765374,Koda,1/27/18 11:56,Austin (TX),30.267153,-97.7430608,Stray,Normal,Dog,Neutered Male,2 years,Pit Bull Mix
A752579,Faneto,1/27/18 11:59,Austin (TX),30.267153,-97.7430608,Owner Surrender,Normal,Dog,Neutered Male,2 years,Pit Bull Mix
A765818,Kraytos,1/27/18 16:51,1840 Burton Dr in Austin (TX),30.235465,-97.729792,Public Assist,Normal,Dog,Neutered Male,3 years,Pit Bull Mix
A761022,Jo,1/28/18 12:08,Austin (TX),30.267153,-97.7430608,Owner Surrender,Normal,Dog,Spayed Female,9 months,Pit Bull Mix
A623561,Marley,1/28/18 16:38,Caballo Blanco Road And Prado Ranch Boulevard in Austin (TX),30.2201059,-97.6345809,Stray,Normal,Dog,Neutered Male,8 years,Pit Bull Mix
A765754,Ruckus,1/28/18 17:28,Lago Vista (TX),30.4601975,-97.9883477,Public Assist,Normal,Dog,Intact Female,2 years,Boxer/Pit Bull
A765866,*Domino,1/28/18 19:24,6118 Fairway St in Austin (TX),30.2295189,-97.7024152,Stray,Normal,Dog,Intact Female,2 years,Pit Bull Mix
A765126,*Dottie,1/29/18 10:58,Coventry Ln in Austin (TX),30.3060634,-97.6844712,Stray,Normal,Dog,Spayed Female,6 years,Pit Bull Mix
A758529,Lobo,1/29/18 11:32,Mcmeans Trail in Austin (TX),30.1976145,-97.9308154,Stray,Normal,Dog,Neutered Male,3 years,Pit Bull Mix
A765895,Delilah,1/29/18 14:35,North Lamar Boulevard And West Rundberg Lane in Austin (TX),30.363062,-97.6970274,Stray,Normal,Dog,Intact Female,7 years,Pit Bull Mix
A763868,Jenny,1/29/18 15:18,Austin (TX),30.267153,-97.7430608,Owner Surrender,Normal,Dog,Spayed Female,1 year,Pit Bull Mix
A712919,Ramos,1/29/18 16:41,Lago Vista (TX),30.4601975,-97.9883477,Owner Surrender,Normal,Dog,Neutered Male,5 years,Pit Bull Mix
A765925,Luna,1/30/18 10:01,1021 Kramer Lane #G in Austin (TX),30.3817757,-97.6928623,Stray,Normal,Dog,Intact Female,3 years,Pit Bull Mix
A765923,Keiko,1/30/18 10:01,1021 Kramer Lane #G in Austin (TX),30.3817757,-97.6928623,Stray,Normal,Dog,Intact Male,2 years,Pit Bull Mix
A764866,Sancho,1/30/18 12:14,Austin (TX),30.267153,-97.7430608,Owner Surrender,Normal,Dog,Neutered Male,2 years,American Pit Bull Terrier Mix
A765962,Riger,1/30/18 14:06,16901 Hayridge Circle in Del Valle (TX),30.1411325,-97.5758163,Stray,Normal,Dog,Intact Male,3 years,Labrador Retriever/Pit Bull
A731032,Gabby,1/30/18 15:50,Austin (TX),30.267153,-97.7430608,Owner Surrender,Normal,Dog,Spayed Female,2 years,Pit Bull Mix
A765977,Pia,1/30/18 17:49,Wickersham Lane And Riverside Drive in Austin (TX),30.2324068,-97.7203283,Stray,Normal,Dog,Spayed Female,2 years,Pit Bull Mix
A765982,*Lyla,1/31/18 7:56,1912 Wheless Ln in Austin (TX),30.3143625,-97.6882823,Stray,Injured,Dog,Intact Female,4 years,Pit Bull Mix
A720304,Zeus,1/31/18 11:03,Austin (TX),30.267153,-97.7430608,Stray,Normal,Dog,Neutered Male,12 years,Pit Bull Mix
A766034,Max,1/31/18 17:11,15503 Brenda in Travis (TX),30.4528001,-97.6707143,Stray,Normal,Dog,Intact Male,10 months,Pit Bull Mix
A766058,*Mya,2/1/18 11:28,212 Hokanson Road in Del Valle (TX),30.0839546,-97.6181571,Stray,Normal,Dog,Intact Female,1 month,Pit Bull Mix
A766054,Faith,2/1/18 11:28,212 Hokanson Road in Del Valle (TX),30.0839546,-97.6181571,Stray,Normal,Dog,Intact Female,1 month,Pit Bull Mix
A766056,*Tuk-Tuk,2/1/18 11:28,212 Hokanson Road in Del Valle (TX),30.0839546,-97.6181571,Stray,Normal,Dog,Intact Male,1 month,Pit Bull Mix
A766086,Manman,2/1/18 12:45,Austin (TX),30.267153,-97.7430608,Owner Surrender,Normal,Dog,Neutered Male,9 years,Pit Bull Mix
A766088,,2/1/18 13:43,Elroy Road And Texas 130 Tollway in Austin (TX),,,Stray,Normal,Dog,Intact Female,8 months,Pit Bull Mix
A720304,Zeus,2/1/18 15:17,1010 Turtle Creek Boulevard in Austin (TX),30.205619,-97.7887779,Stray,Normal,Dog,Neutered Male,12 years,Pit Bull Mix
A766145,Princess,2/2/18 16:42,200 Chaparral Rd in Austin (TX),30.188743,-97.778268,Stray,Injured,Dog,Intact Female,11 months,Pit Bull/Labrador Retriever
A766146,Rocky,2/2/18 17:21,Austin (TX),30.267153,-97.7430608,Public Assist,Normal,Dog,Intact Male,2 years,Pit Bull Mix
A766149,Mr. Dude,2/2/18 17:53,Robinson Avenue And East 30Th Street in Austin (TX),30.2875478,-97.7226728,Stray,Normal,Dog,Intact Male,2 years,Pit Bull Mix
A766163,Glock,2/3/18 12:47,13635 Rutledge Spur in Austin (TX),30.476263,-97.7808726,Stray,Normal,Dog,Intact Male,2 months,Pit Bull Mix
A766189,*Marten,2/4/18 7:52,2011 Willow Street in Austin (TX),30.255263,-97.7229788,Public Assist,Injured,Dog,Intact Male,7 months,Pit Bull Mix
A766190,*Chuck,2/4/18 10:50,Lott Avenue And Webberville in Austin (TX),,,Stray,Normal,Dog,Intact Male,7 years,Pit Bull Mix
A737854,Zeus,2/4/18 11:15,Outside Jurisdiction,,,Owner Surrender,Normal,Dog,Spayed Female,1 year,German Shepherd/Pit Bull
A766235,Chato,2/5/18 8:13,6812 Breezy Hill in Austin (TX),30.3099164,-97.6373291,Stray,Normal,Dog,Intact Male,2 years,Pit Bull Mix
A710164,Bailey,2/5/18 11:03,Austin (TX),30.267153,-97.7430608,Owner Surrender,Normal,Dog,Spayed Female,6 years,Pit Bull Mix
A766268,Sweet Pea,2/5/18 15:30,45Th & Avenue F in Austin (TX),30.3081793,-97.727451,Stray,Normal,Dog,Intact Female,4 years,Pit Bull Mix
A765190,Stella,2/5/18 16:33,Del Valle (TX),30.2091069,-97.6472349,Owner Surrender,Normal,Dog,Intact Female,9 months,Pit Bull Mix
A766316,Casper,2/6/18 14:37,Austin (TX),30.267153,-97.7430608,Public Assist,Normal,Dog,Intact Male,2 years,Pit Bull Mix
A766324,*Luke,2/6/18 17:02,Thomas Springs And Circle Drive in Del Valle (TX),30.2462297,-97.9272763,Stray,Normal,Dog,Neutered Male,2 years,Pit Bull Mix
A766331,Roxie,2/6/18 17:08,2600 North Lamar Boulevard in Austin (TX),30.2917208,-97.7498611,Stray,Normal,Dog,Spayed Female,2 years,Pit Bull Mix
A689828,Barbie,2/6/18 18:03,140000 Renaissance Court in Austin (TX),30.4364116,-97.6852296,Stray,Normal,Dog,Spayed Female,5 years,American Staffordshire Terrier Mix
A766337,Chico,2/7/18 10:33,Waywood Dr At Hollow Hook in Travis (TX),30.2745744,-97.6194082,Stray,Normal,Dog,Neutered Male,2 years,Labrador Retriever/Pit Bull
A751219,Phat Boy,2/7/18 10:58,Del Valle (TX),30.2091069,-97.6472349,Public Assist,Normal,Dog,Intact Male,2 years,Pit Bull Mix
A672860,Miracle,2/7/18 11:38,Austin (TX),30.267153,-97.7430608,Public Assist,Normal,Dog,Spayed Female,5 years,Pit Bull Mix
A766352,Zoe,2/7/18 12:55,1100 W 38Th & Medical Pkwy in Austin (TX),30.3056829,-97.7441742,Public Assist,Normal,Dog,Intact Female,3 years,Pit Bull Mix
A698484,Xena,2/7/18 16:21,Austin (TX),30.267153,-97.7430608,Public Assist,Normal,Dog,Spayed Female,4 years,Pit Bull Mix
A766371,Hans,2/7/18 16:48,6310 Felix Ave in Austin (TX),30.2351802,-97.695831,Stray,Sick,Dog,Intact Male,1 year,Pit Bull Mix
A766376,Chanel,2/7/18 18:03,10610 Salt Mill Hollow in Austin (TX),30.452836,-97.806853,Stray,Normal,Dog,Intact Female,7 months,Pit Bull Mix
A741054,Greyson,2/7/18 18:03,10610 Salt Mill Hollow in Austin (TX),30.452836,-97.806853,Stray,Normal,Dog,Intact Male,2 years,Pit Bull Mix
A766388,Dream,2/8/18 11:25,8312 Interstate 35 North in Austin (TX),30.3470435,-97.6970982,Stray,Normal,Dog,Intact Female,11 months,Pit Bull Mix
A766408,Milly,2/8/18 13:50,1015 W William Cannon Drive in Austin (TX),30.1984013,-97.7930814,Stray,Normal,Dog,Intact Female,1 year,Pit Bull Mix
A730626,Buster,2/8/18 16:12,Grayson Ln in Austin (TX),30.289456,-97.708787,Stray,Injured,Dog,Intact Male,3 years,Pit Bull Mix
A766425,*Blossom,2/8/18 17:45,7603 Wynne Ln in Austin (TX),30.191253,-97.802788,Stray,Normal,Dog,Intact Female,3 years,Pit Bull Mix
A766403,Tyga,2/9/18 13:01,Travis (TX),31.1354588,-97.0027678,Public Assist,Normal,Dog,Intact Male,1 year,Pit Bull Mix
A766404,Beauty,2/9/18 13:01,Travis (TX),31.1354588,-97.0027678,Public Assist,Normal,Dog,Spayed Female,1 year,Pit Bull Mix
A766465,,2/9/18 15:24,11905 Athens Trail in Austin (TX),30.4565517,-97.7562002,Stray,Normal,Dog,Intact Female,2 months,Pit Bull Mix
A766472,Ziggy,2/9/18 16:33,Del Valle (TX),30.2091069,-97.6472349,Owner Surrender,Normal,Dog,Neutered Male,4 years,Pit Bull Mix
A750322,Coco,2/10/18 17:18,Austin (TX),30.267153,-97.7430608,Public Assist,Normal,Dog,Intact Female,9 years,Pit Bull Mix
A766525,Bossman,2/10/18 20:10,5706 Delwood Dr in Austin (TX),30.3111029,-97.693456,Stray,Sick,Dog,Intact Male,11 years,Pit Bull Mix
A766529,Snowy,2/11/18 10:51,Austin (TX),30.267153,-97.7430608,Owner Surrender,Sick,Dog,Intact Female,1 weeks,Pit Bull Mix
A763125,Cane,2/11/18 11:02,Brodie Lane And Slaughter Lane in Austin (TX),30.1836267,-97.8498399,Stray,Normal,Dog,Intact Male,1 year,Pit Bull Mix
A766531,*Cheetah,2/11/18 11:14,"Buenos Aires Parkway And Constellation Cir, in Del Valle (TX)",30.1658973,-97.6197622,Stray,Normal,Dog,Intact Female,1 year,Pit Bull Mix
A766540,*Hercules,2/11/18 12:36,2800 Metcalfe Road in Austin (TX),30.2242083,-97.7379358,Stray,Normal,Dog,Intact Male,1 year,Pit Bull Mix
A766548,*Gertie,2/11/18 13:22,Von Quintus Road And Tiffany Trail in Austin (TX),30.101997,-97.6797746,Stray,Normal,Dog,Intact Female,1 year,Pit Bull Mix
A765336,Ice,2/11/18 14:24,501 East Stassney Lane in Austin (TX),30.2020864,-97.7716601,Stray,Normal,Dog,Spayed Female,11 months,Pit Bull Mix
A740698,Biggie,2/11/18 17:38,Del Valle (TX),30.2091069,-97.6472349,Public Assist,Normal,Dog,Intact Male,1 year,Pit Bull Mix
A729287,King,2/11/18 17:46,7305 Marywood in Austin (TX),30.3213613,-97.6758585,Stray,Normal,Dog,Neutered Male,2 years,Pit Bull Mix
A766581,,2/12/18 11:04,Saint Mary Drive in Manor (TX),30.3436395,-97.5299898,Stray,Normal,Dog,Intact Male,1 year,Pit Bull Mix
A766643,*Kingsley,2/13/18 13:31,Austin Colony And Deaf Smith in Austin (TX),30.2334507,-97.59028,Stray,Normal,Dog,Intact Male,1 year,Labrador Retriever/Pit Bull
A763125,Cane,2/13/18 19:25,3100 Slaughter in Austin (TX),30.1805503,-97.8414275,Stray,Normal,Dog,Intact Male,1 year,Pit Bull Mix
A766665,*Lawrence,2/13/18 23:30,100 Beaver St in Austin (TX),30.3523533,-97.6999873,Stray,Normal,Dog,Intact Male,11 months,Pit Bull Mix
A766691,*Peach,2/14/18 15:45,1105 W Live Oak St in Austin (TX),30.246606,-97.765204,Stray,Sick,Dog,Intact Female,8 months,Pit Bull Mix
A766697,Rocko,2/14/18 18:56,7414 Johnny Morris Road in Austin (TX),30.3113969,-97.6430288,Stray,Normal,Dog,Intact Male,8 months,Pit Bull Mix
A766742,Zeus,2/14/18 19:17,South Lakeshore Boulevard And South Pleasant Valley Road in Austin (TX),30.2424912,-97.7172115,Stray,Normal,Dog,Neutered Male,5 years,Pit Bull Mix
A766708,*Dj,2/15/18 10:32,18706 Blake Manor Road in Austin (TX),30.2875942,-97.5210786,Stray,Normal,Dog,Intact Male,1 year,Pit Bull Mix
A766723,Miklo,2/15/18 11:34,4915 Manchester Circle in Austin (TX),30.2095486,-97.7687297,Stray,Normal,Dog,Intact Male,1 year,Pit Bull Mix
A747138,Boston,2/15/18 13:27,14975 Swiss Dr in Del Valle (TX),30.1300508,-97.6173628,Stray,Normal,Dog,Intact Female,2 years,American Pit Bull Terrier Mix
A766731,Nieko,2/15/18 13:41,Golden Meadow Drive And Rutland Drive in Austin (TX),30.3787417,-97.7120397,Stray,Normal,Dog,Intact Male,1 year,Labrador Retriever/Pit Bull
A766747,*Phoebe,2/15/18 17:05,Compass Drive And Breez H Ill Drive in Austin (TX),30.3107353,-97.6392444,Stray,Normal,Dog,Intact Female,4 weeks,Pit Bull Mix
A766750,Suzy-Q,2/15/18 18:48,1912 East William Cannon Drive in Austin (TX),30.1887531,-97.7650204,Stray,Normal,Dog,Spayed Female,2 years,Pit Bull Mix
A766761,Gimly,2/16/18 10:45,10208 Creek Crossing Cove in Austin (TX),30.1645658,-97.8168651,Stray,Normal,Dog,Neutered Male,2 years,Pit Bull Mix
A693839,Chester,2/16/18 12:12,Austin (TX),30.267153,-97.7430608,Owner Surrender,Normal,Dog,Neutered Male,6 years,Pit Bull Mix
A766784,*Opie,2/16/18 13:45,10201 Simpson Ln in Travis (TX),30.1152402,-97.7101069,Stray,Normal,Dog,Intact Male,2 years,Pit Bull
A737779,Sichere,2/16/18 14:24,Austin (TX),30.267153,-97.7430608,Stray,Normal,Dog,Intact Female,8 years,Pit Bull Mix
A766791,*Maxwell,2/16/18 15:39,5704 Spoke Court in Austin (TX),30.1941326,-97.7559096,Stray,Normal,Dog,Intact Male,5 years,Pit Bull Mix
A766794,*Bobby,2/16/18 16:29,6912 Meador Ave in Austin (TX),30.3270561,-97.6977819,Stray,Normal,Dog,Intact Male,2 years,Pit Bull Mix
A760224,Taz,2/17/18 12:12,Austin (TX),30.267153,-97.7430608,Owner Surrender,Normal,Dog,Neutered Male,6 years,Pit Bull Mix
A766852,Bandit,2/17/18 20:48,10704 Quail Valley Dr in Travis (TX),30.5133308,-97.9649087,Stray,Normal,Dog,Intact Male,1 year,Pit Bull Mix
A756996,King,2/17/18 22:24,901 W Ben White in Austin (TX),30.2261149,-97.7745674,Public Assist,Normal,Dog,Neutered Male,3 years,American Staffordshire Terrier
A692603,Crook,2/18/18 12:33,Metric And Palmer in Austin (TX),30.4131385,-97.6905694,Stray,Normal,Dog,Neutered Male,7 years,Pit Bull Mix
A766872,*Torston,2/18/18 14:02,1009 West Dittmar Road in Austin (TX),30.18505,-97.8020854,Stray,Normal,Dog,Intact Male,10 months,Pit Bull Mix
A705228,Mamas,2/18/18 15:53,Austin (TX),30.267153,-97.7430608,Owner Surrender,Normal,Dog,Spayed Female,6 years,Pit Bull Mix
A766880,*Gracey,2/18/18 16:13,East Stassney Lane And South Pleasant Valley Road in Austin (TX),30.193907,-97.7447332,Stray,Normal,Dog,Intact Female,1 year,Pit Bull Mix
A766889,*Darla,2/19/18 7:04,7418 Cameron Rd in Austin (TX),30.3300792,-97.6901878,Stray,Injured,Dog,Intact Female,8 months,Pit Bull Mix
A687383,Thor,2/19/18 8:13,1127 Saucedo Street in Austin (TX),30.2675215,-97.6890032,Stray,Normal,Dog,Intact Male,4 years,Pit Bull Mix
A687382,Cookies,2/19/18 8:13,1127 Saucedo Street in Austin (TX),30.2675215,-97.6890032,Stray,Normal,Dog,Intact Female,4 years,Pit Bull Mix
A766922,Peanut-E,2/19/18 16:41,1100 Kingsbury St in Austin (TX),30.2813521,-97.7523124,Public Assist,Normal,Dog,Intact Female,1 year,Pit Bull/Bull Terrier
A766972,,2/20/18 11:21,15013 Antique Finish Drive in Pflugerville (TX),30.4321081,-97.638897,Stray,Normal,Dog,Intact Female,2 months,Pit Bull Mix
A766054,Faith,2/20/18 12:07,Austin (TX),30.267153,-97.7430608,Owner Surrender,Normal,Dog,Spayed Female,2 months,Pit Bull Mix
A766980,Bruno,2/20/18 13:23,Austin (TX),30.267153,-97.7430608,Owner Surrender,Normal,Dog,Intact Male,9 years,German Shepherd/Pit Bull
A766981,Daisy,2/20/18 13:23,Austin (TX),30.267153,-97.7430608,Owner Surrender,Normal,Dog,Spayed Female,10 years,German Shepherd/Pit Bull
A683152,Otis,2/20/18 15:10,Outside Jurisdiction,,,Owner Surrender,Normal,Dog,Neutered Male,6 years,Pit Bull Mix
A748606,*Mitzer,2/20/18 15:22,Austin (TX),30.267153,-97.7430608,Public Assist,Normal,Dog,Neutered Male,3 years,Pit Bull Mix
A766988,*Lucy,2/20/18 16:04,6100 Windy Vista Cv in Austin (TX),30.2313784,-97.8757064,Stray,Normal,Dog,Intact Female,1 year,Pit Bull Mix
A766145,Princess,2/21/18 11:43,500 Mairo Street in Austin (TX),30.180974,-97.79151,Stray,Normal,Dog,Intact Female,1 year,Pit Bull/Labrador Retriever
A767019,*Bun B,2/21/18 11:46,3607 Tyrone Drive in Austin (TX),30.41663,-97.7175272,Stray,Normal,Dog,Intact Male,4 years,Pit Bull Mix
A760928,*Cita,2/21/18 14:21,Austin (TX),30.267153,-97.7430608,Owner Surrender,Normal,Dog,Spayed Female,2 years,Pit Bull Mix
A763125,Cane,2/21/18 18:00,10400 Brezza Lane in Austin (TX),30.1501099,-97.7943598,Stray,Normal,Dog,Intact Male,1 year,Pit Bull Mix
A767045,Scrappy,2/21/18 18:31,Manchaca Road And West William Cannon Drive in Austin (TX),30.202829,-97.8068834,Stray,Normal,Dog,Intact Male,1 year,Pit Bull Mix
A767073,*Violet,2/22/18 17:03,14105 Washoe Cir in Austin (TX),30.3682268,-97.9250276,Stray,Normal,Dog,Intact Female,5 years,Pit Bull Mix
A767074,*Baby Spice,2/22/18 17:35,North Pleasant Valley Road And Garwood Street in Austin (TX),30.261112,-97.709098,Stray,Normal,Dog,Intact Female,1 year,Pit Bull Mix
A737833,Rio,2/23/18 11:25,4521 West Gate Boulevard in Austin (TX),30.2316721,-97.8001316,Stray,Normal,Dog,Neutered Male,3 years,Pit Bull Mix
A765670,Marble,2/23/18 12:39,104 East Rector Street in Manor (TX),30.3459691,-97.5564698,Stray,Normal,Dog,Spayed Female,9 months,Pit Bull Mix
A764193,*Gloria,2/23/18 14:56,Barton Creek Parkway And Southwest in Austin (TX),30.2911543,-97.858809,Stray,Normal,Dog,Spayed Female,2 years,Pit Bull Mix
A767108,Dotty,2/23/18 15:47,Del Valle (TX),30.2091069,-97.6472349,Owner Surrender,Normal,Dog,Intact Female,3 years,Pit Bull Mix
A767109,Daisy,2/23/18 15:47,Del Valle (TX),30.2091069,-97.6472349,Owner Surrender,Normal,Dog,Intact Female,2 years,Pit Bull Mix
A767105,*Grace,2/23/18 15:53,9070 Research Blvd in Austin (TX),30.3734539,-97.7283452,Stray,Normal,Dog,Intact Female,2 years,Pit Bull Mix
A767115,Oliver,2/23/18 16:58,Austin (TX),30.267153,-97.7430608,Owner Surrender,Normal,Dog,Neutered Male,1 year,Pit Bull/Catahoula
A767129,Akamaru,2/24/18 10:09,11821 Savanna Canyon Court in Del Valle (TX),30.1603164,-97.641821,Stray,Normal,Dog,Intact Male,7 months,Pit Bull/Alaskan Husky
A767131,Boss,2/24/18 11:08,Ponca And Valdez in Austin (TX),30.2350531,-97.691566,Stray,Normal,Dog,Intact Male,2 years,Pit Bull Mix
A767141,*Hope,2/24/18 12:30,6716 Ferrystone Pass in Del Valle (TX),30.1613374,-97.6366088,Stray,Normal,Dog,Intact Female,1 year,Pit Bull Mix
A765925,Luna,2/24/18 12:34,Chicon Street And Holly Street in Austin (TX),30.2534948,-97.7262974,Stray,Normal,Dog,Spayed Female,3 years,Pit Bull Mix
A767145,,2/24/18 13:03,13125 Old Gregg Lane in Manor (TX),30.3982721,-97.635613,Stray,Normal,Dog,Intact Male,2 months,Pit Bull Mix
A767146,,2/24/18 13:03,13125 Gregg Lane in Manor (TX),30.3831821,-97.5454961,Stray,Normal,Dog,Intact Male,2 months,Pit Bull Mix
A767147,,2/24/18 13:03,13125 Old Gregg Lane in Manor (TX),30.3982721,-97.635613,Stray,Normal,Dog,Intact Male,2 months,Pit Bull Mix
A767148,,2/24/18 13:03,13125 Old Gregg Lane in Manor (TX),30.3982721,-97.635613,Stray,Normal,Dog,Intact Male,2 months,Pit Bull Mix
A738735,Canelo,2/24/18 13:34,Austin (TX),30.267153,-97.7430608,Public Assist,Normal,Dog,Neutered Male,3 years,Pit Bull Mix
A690060,Bobo,2/24/18 17:15,3405 Wickham in Travis (TX),30.2332482,-97.5929618,Public Assist,Normal,Dog,Neutered Male,4 years,Pit Bull Mix
A767210,Skye,2/25/18 10:54,Austin (TX),30.267153,-97.7430608,Owner Surrender,Normal,Dog,Spayed Female,5 months,Pit Bull Mix
A611573,Riri,2/25/18 14:27,4800 Copper Bend in Austin (TX),30.1989,-97.739792,Stray,Normal,Dog,Intact Female,8 years,Pit Bull
A767256,,2/25/18 18:44,Royster Ave And Eva Street in Del Valle (TX),30.205116,-97.6405717,Stray,Normal,Dog,Intact Female,3 months,Pit Bull Mix
A767255,,2/25/18 18:44,Royster Ave And Eva Street in Del Valle (TX),30.205116,-97.6405717,Stray,Normal,Dog,Intact Female,3 months,Pit Bull Mix
A766697,Rocko,2/26/18 0:29,13000 Fm 812 in Travis (TX),30.1300456,-97.6434738,Public Assist,Normal,Dog,Neutered Male,8 months,Pit Bull Mix
A742421,*Deena,2/26/18 11:40,Austin (TX),30.267153,-97.7430608,Owner Surrender,Normal,Dog,Spayed Female,5 years,Pit Bull Mix
A710633,Ruckus,2/26/18 12:19,Austin (TX),30.267153,-97.7430608,Public Assist,Normal,Dog,Intact Female,4 years,Pit Bull Mix
A767279,Junior,2/26/18 13:33,3303 Serene Hills in Austin (TX),30.3478315,-97.9989915,Stray,Normal,Dog,Intact Male,1 year,Labrador Retriever/Pit Bull
A767289,James,2/26/18 15:26,Austin (TX),30.267153,-97.7430608,Public Assist,Normal,Dog,Neutered Male,1 year,Pit Bull Mix
A767308,*Cisco,2/26/18 17:04,2209 Teri Road in Austin (TX),30.2004159,-97.7502539,Stray,Normal,Dog,Intact Male,1 year,Pit Bull/Boston Terrier
A767310,Sky,2/26/18 17:31,Manor (TX),30.3407629,-97.5569456,Owner Surrender,Pregnant,Dog,Intact Female,1 year,American Pit Bull Terrier Mix
A765714,*Sierra,2/27/18 10:21,2200 Willow Creek Drive in Austin (TX),30.2306852,-97.7306797,Stray,Normal,Dog,Spayed Female,1 year,Pit Bull Mix
A697936,Peanut,2/27/18 11:26,Austin (TX),30.267153,-97.7430608,Owner Surrender,Normal,Dog,Spayed Female,4 years,Pit Bull Mix
A767332,*Tug Boat,2/27/18 12:15,Steck Ave And North Mopac Expy in Austin (TX),30.3679347,-97.7419603,Stray,Normal,Dog,Intact Male,1 year,American Staffordshire Terrier/Rottweiler
A767367,*Mr. Darcy,2/27/18 16:08,505 W Anderson Lane in Austin (TX),30.344768,-97.7103433,Stray,Injured,Dog,Intact Male,2 years,Pit Bull Mix
A767386,*Jk Howling,2/28/18 10:56,Nucklos Crossing Road And Spring Meadow Road in Austin (TX),30.1973906,-97.7362466,Stray,Normal,Dog,Intact Female,8 months,Pit Bull Mix
A711169,Beyonce,2/28/18 11:26,East Riverside And Vargas in Austin (TX),30.2239684,-97.7011655,Stray,Normal,Dog,Spayed Female,4 years,American Pit Bull Terrier Mix
A738324,Stewart,2/28/18 14:24,Slaughter Ln And Chisolm Trl in Austin (TX),30.173961,-97.8126835,Stray,Normal,Dog,Neutered Male,4 years,Pit Bull Mix
A663055,Mocha,2/28/18 14:43,Washita Drive And Alexandria Drive in Austin (TX),30.2039785,-97.8490687,Stray,Normal,Dog,Spayed Female,5 years,Pit Bull Mix
A767431,*James,2/28/18 18:30,3905 Woodchester Lane in Austin (TX),30.4298321,-97.7110155,Stray,Normal,Dog,Intact Male,1 year,Pit Bull Mix
A767433,King,2/28/18 19:06,Manor (TX),30.3407629,-97.5569456,Public Assist,Normal,Dog,Intact Male,13 years,Pit Bull Mix
A765035,*Sox,3/1/18 8:11,Westgate & William Cannon in Austin (TX),30.2071514,-97.8155121,Stray,Sick,Dog,Neutered Male,8 months,Pit Bull Mix
A766404,Beauty,3/1/18 10:29,Philco Drive And South First Street in Austin (TX),30.218025,-97.7748071,Stray,Normal,Dog,Spayed Female,1 year,Pit Bull Mix
A766403,Tyga,3/1/18 10:29,Philco Drive And South First Street in Austin (TX),30.218025,-97.7748071,Stray,Normal,Dog,Neutered Male,1 year,Pit Bull Mix
A767434,Diabla,3/1/18 11:27,Austin (TX),30.267153,-97.7430608,Public Assist,Normal,Dog,Intact Female,2 years,Pit Bull Mix
A767457,*Pirate,3/1/18 12:16,Burleson Road And Montopolis Drive in Austin (TX),30.2055591,-97.7166444,Stray,Normal,Dog,Neutered Male,2 years,Pit Bull Mix
A767459,Blue,3/1/18 12:26,Austin (TX),30.267153,-97.7430608,Owner Surrender,Normal,Dog,Neutered Male,2 years,Pit Bull Mix
A547659,Marley,3/1/18 12:36,204 West Powell Lane in Austin (TX),30.3485956,-97.7041227,Stray,Normal,Dog,Neutered Male,9 years,Labrador Retriever/Pit Bull
A767464,Kiara,3/1/18 13:23,15214 Sabel Palm in Travis (TX),30.2560988,-97.5768451,Stray,Normal,Dog,Intact Female,3 months,Pit Bull Mix
A761808,Mary,3/1/18 15:53,Patton Lane And Dorchester Drive in Austin (TX),30.3175275,-97.6861055,Stray,Normal,Dog,Intact Female,2 years,Pit Bull Mix
A767488,Neptune,3/1/18 18:25,2604 West Pecan Street in Pflugerville (TX),30.4490986,-97.6554468,Stray,Normal,Dog,Neutered Male,6 years,American Staffordshire Terrier Mix
A765026,Tank,3/2/18 11:26,6506 Decker Lane in Austin (TX),30.2910104,-97.6288478,Stray,Normal,Dog,Neutered Male,4 months,Pit Bull Mix
A767526,Damu,3/2/18 17:04,8116 Linden Loop in Travis (TX),30.1384951,-97.5902747,Stray,Normal,Dog,Intact Male,9 months,Pit Bull Mix
A763125,Cane,3/3/18 10:30,3008 W Slaughter Ln in Austin (TX),30.1796408,-97.8401525,Stray,Injured,Dog,Intact Male,1 year,Pit Bull Mix
A767537,Georgie,3/3/18 11:08,Rundberg And Ken in Austin (TX),30.360993,-97.687807,Stray,Normal,Dog,Intact Male,2 months,Pit Bull Mix
A735135,Troy,3/3/18 11:42,Pflugerville (TX),30.4548451,-97.6222665,Owner Surrender,Normal,Dog,Neutered Male,6 years,Pit Bull Mix
A767584,Terry,3/3/18 16:47,3000 Ed Bluestein in Austin (TX),30.265539,-97.6726542,Stray,Normal,Dog,Intact Male,1 year,Pit Bull Mix
A767459,Blue,3/4/18 11:05,Austin (TX),30.267153,-97.7430608,Owner Surrender,Normal,Dog,Neutered Male,2 years,Pit Bull Mix
A767612,,3/4/18 11:53,Austin (TX),30.267153,-97.7430608,Stray,Normal,Dog,Intact Male,6 months,Pit Bull Mix
A767611,Queen,3/4/18 11:53,Austin (TX),30.267153,-97.7430608,Stray,Normal,Dog,Intact Female,1 year,Pit Bull Mix
A766880,*Gracey,3/4/18 12:58,Pflugerville (TX),30.4548451,-97.6222665,Owner Surrender,Sick,Dog,Spayed Female,1 year,Pit Bull Mix
A558444,Harley,3/4/18 14:17,Rutland And Metric in Austin (TX),30.380655,-97.7160179,Stray,Normal,Dog,Spayed Female,8 years,Pit Bull
A694407,Max,3/4/18 17:11,8601 Vertez Blvd in Austin (TX),30.1561136,-97.7520704,Owner Surrender,Normal,Dog,Intact Male,4 years,Pit Bull Mix
A661245,Brownie,3/5/18 10:16,Webberville Rd in Austin (TX),30.2760506,-97.6888464,Stray,Normal,Dog,Neutered Male,5 years,Pit Bull Mix
A767669,*Jude Paw,3/5/18 11:39,Pearce Road And Wolf Lane in Del Valle (TX),30.1408802,-97.5674659,Stray,Normal,Dog,Intact Male,1 year,Pit Bull Mix
A759044,Sugar,3/5/18 11:47,Woodward And Ih 35 in Austin (TX),30.222986,-97.7470558,Stray,Normal,Dog,Intact Female,3 years,Pit Bull Mix
A767429,*Mylie,3/5/18 12:34,6201 Softwood Drive in Austin (TX),30.185749,-97.748397,Stray,Normal,Dog,Intact Female,1 year,Pit Bull Mix
A767675,*Leroy,3/5/18 12:40,3808 Dover Ferr Xing in Austin (TX),30.4701482,-97.6812009,Stray,Normal,Dog,Intact Male,3 years,Pit Bull Mix
A767714,Mars,3/5/18 18:07,Austin (TX),30.267153,-97.7430608,Public Assist,Normal,Dog,Intact Male,1 year,Labrador Retriever/Pit Bull
A767749,,3/6/18 8:59,Austin (TX),30.267153,-97.7430608,Stray,Normal,Dog,Intact Male,3 days,Pit Bull Mix
A767748,,3/6/18 8:59,Austin (TX),30.267153,-97.7430608,Stray,Normal,Dog,Intact Female,3 days,Pit Bull Mix
A767744,,3/6/18 8:59,Austin (TX),30.267153,-97.7430608,Stray,Normal,Dog,Intact Female,3 days,Pit Bull Mix
A767747,,3/6/18 8:59,Austin (TX),30.267153,-97.7430608,Stray,Normal,Dog,Intact Male,3 days,Pit Bull Mix
A767739,,3/6/18 8:59,Austin (TX),30.267153,-97.7430608,Stray,Normal,Dog,Intact Female,3 days,Pit Bull Mix
A767741,,3/6/18 8:59,Austin (TX),30.267153,-97.7430608,Stray,Normal,Dog,Intact Male,3 days,Pit Bull Mix
A767745,,3/6/18 8:59,Austin (TX),30.267153,-97.7430608,Stray,Normal,Dog,Intact Female,3 days,Pit Bull Mix
A767746,,3/6/18 8:59,Austin (TX),30.267153,-97.7430608,Stray,Normal,Dog,Intact Male,3 days,Pit Bull Mix
A767751,,3/6/18 8:59,Austin (TX),30.267153,-97.7430608,Stray,Normal,Dog,Intact Male,3 days,Pit Bull Mix
A767750,,3/6/18 8:59,Austin (TX),30.267153,-97.7430608,Stray,Normal,Dog,Intact Male,3 days,Pit Bull Mix
A767742,,3/6/18 8:59,Austin (TX),30.267153,-97.7430608,Stray,Normal,Dog,Intact Male,3 days,Pit Bull Mix
A767504,Carlos,3/6/18 13:35,Austin (TX),30.267153,-97.7430608,Public Assist,Normal,Dog,Intact Male,1 year,Pit Bull Mix
A767765,*Ll Drool J,3/6/18 13:40,900 East 52Nd Street in Austin (TX),30.3127958,-97.7141122,Stray,Normal,Dog,Intact Male,2 years,Pit Bull Mix
A767781,*Victoria,3/6/18 15:53,4603 Fallenash Drive in Austin (TX),30.2445652,-97.5849311,Stray,Normal,Dog,Intact Female,2 years,American Pit Bull Terrier Mix
A767796,*Koko,3/6/18 16:40,9200 North Plaza in Austin (TX),30.3544049,-97.6860561,Stray,Normal,Dog,Intact Female,2 months,American Pit Bull Terrier Mix
A732833,Vito,3/7/18 13:57,14413 Tiffer Ln in Travis (TX),30.4428583,-97.6853738,Public Assist,Normal,Dog,Intact Male,2 years,Pit Bull Mix
A767840,*Angela,3/7/18 19:31,Lamar Blvd At Long Spur in Austin (TX),30.3673302,-97.6946069,Stray,Normal,Dog,Spayed Female,1 year,Pit Bull Mix
A767843,Ruger,3/8/18 7:35,6101 Airport in Austin (TX),30.327643,-97.7139909,Public Assist,Normal,Dog,Intact Male,6 years,Pit Bull Mix
A767850,Champ,3/8/18 9:35,8403 Saber Creek Trl in Austin (TX),30.4209162,-97.7872846,Stray,Normal,Dog,Neutered Male,6 years,Pit Bull Mix
A767855,Luna,3/8/18 11:05,William Cannon Drive And Mancacha in Austin (TX),30.202829,-97.8068834,Stray,Normal,Dog,Intact Female,2 years,Pit Bull Mix
A758403,,3/8/18 11:20,1156 Cesar Chavez in Austin (TX),30.269764,-97.7591144,Public Assist,Normal,Dog,Intact Male,5 years,Pit Bull Mix
A767865,*Sansa Bark,3/8/18 12:57,5201 Ross Road in Austin (TX),30.1800002,-97.6125748,Stray,Sick,Dog,Intact Female,3 years,Pit Bull Mix
A767811,Jango,3/8/18 15:38,Austin (TX),30.267153,-97.7430608,Public Assist,Normal,Dog,Intact Male,3 years,Pit Bull/Labrador Retriever
A767895,Lavender,3/8/18 18:38,Fm 812 And Highway 183 in Austin (TX),30.1641437,-97.6927921,Stray,Normal,Dog,Intact Female,8 months,Pit Bull Mix
A767905,Coco,3/9/18 8:56,2000 Conestoga Trl in Austin (TX),30.1963945,-97.7578198,Stray,Injured,Dog,Intact Female,5 months,Pit Bull Mix
A754351,Onyx,3/9/18 15:39,1156 W. Cesar Chavez in Austin (TX),30.269764,-97.7591144,Public Assist,Normal,Dog,Neutered Male,1 year,Pit Bull Mix
A767954,Kitty,3/10/18 10:18,21121 Hogeye Road in Manor (TX),30.297378,-97.481411,Stray,Normal,Dog,Intact Female,2 years,Pit Bull/Australian Cattle Dog
A767955,Ghost,3/10/18 10:18,21121 Hogeye Road in Manor (TX),30.297378,-97.481411,Stray,Normal,Dog,Intact Male,2 months,Pit Bull/Australian Cattle Dog
A767976,*Lucille,3/10/18 13:30,Interstate 35 And Martin Luther King Boulevard in Austin (TX),30.2785629,-97.7304962,Stray,Normal,Dog,Intact Female,3 months,Pit Bull Mix
A767979,Spike,3/10/18 13:49,Austin (TX),30.267153,-97.7430608,Owner Surrender,Normal,Dog,Intact Male,3 years,Labrador Retriever/Pit Bull
A753449,*Ruxson,3/11/18 12:57,Outside Jurisdiction,,,Owner Surrender,Normal,Dog,Neutered Male,2 years,Pit Bull Mix
A741054,Greyson,3/11/18 13:13,Austin (TX),30.267153,-97.7430608,Public Assist,Normal,Dog,Intact Male,2 years,Pit Bull Mix
A766376,Chanel,3/11/18 13:13,Austin (TX),30.267153,-97.7430608,Public Assist,Normal,Dog,Intact Female,9 months,Pit Bull Mix
A741059,Selina,3/11/18 13:13,Austin (TX),30.267153,-97.7430608,Public Assist,Normal,Dog,Intact Female,2 years,Pit Bull Mix
A767996,Atlas,3/11/18 13:30,Austin (TX),30.267153,-97.7430608,Public Assist,Normal,Dog,Neutered Male,3 years,Pit Bull Mix
A768054,Chakal,3/12/18 11:56,1000 W Rundberg in Austin (TX),30.3649458,-97.7001521,Stray,Normal,Dog,Intact Male,1 year,Pit Bull Mix
A768053,Lilo,3/12/18 11:56,1000 W Rundberg in Austin (TX),30.3649458,-97.7001521,Stray,Normal,Dog,Intact Female,2 years,Pit Bull Mix
A766054,Faith,3/12/18 15:12,Austin (TX),30.267153,-97.7430608,Owner Surrender,Normal,Dog,Spayed Female,2 months,Pit Bull Mix
A768090,*Harvey,3/13/18 8:13,3807 Susquehanna Lane in Austin (TX),30.3131297,-97.6650694,Stray,Injured,Dog,Intact Male,8 months,Pit Bull/Pointer
A768113,,3/13/18 12:22,1910 West Braker Lane in Austin (TX),30.3925967,-97.7071181,Stray,Normal,Dog,Intact Female,3 months,Pit Bull Mix
A768138,Britney Ears,3/13/18 14:55,812 Adina Street in Austin (TX),30.2826686,-97.6797781,Stray,Normal,Dog,Intact Female,1 year,American Pit Bull Terrier Mix
A768145,,3/13/18 14:59,Manor (TX),30.3407629,-97.5569456,Owner Surrender,Normal,Dog,Intact Female,3 days,American Pit Bull Terrier Mix
A768144,,3/13/18 14:59,Manor (TX),30.3407629,-97.5569456,Owner Surrender,Normal,Dog,Intact Male,3 days,American Pit Bull Terrier Mix
A768140,,3/13/18 14:59,Manor (TX),30.3407629,-97.5569456,Owner Surrender,Normal,Dog,Intact Female,3 days,American Pit Bull Terrier Mix
A768142,,3/13/18 14:59,Manor (TX),30.3407629,-97.5569456,Owner Surrender,Normal,Dog,Intact Male,3 days,American Pit Bull Terrier Mix
A768143,,3/13/18 14:59,Manor (TX),30.3407629,-97.5569456,Owner Surrender,Normal,Dog,Intact Male,3 days,American Pit Bull Terrier Mix
A768141,,3/13/18 14:59,Manor (TX),30.3407629,-97.5569456,Owner Surrender,Normal,Dog,Intact Female,3 days,American Pit Bull Terrier Mix
A768139,,3/13/18 14:59,Manor (TX),30.3407629,-97.5569456,Owner Surrender,Normal,Dog,Intact Female,3 days,American Pit Bull Terrier Mix
A768151,Watermelon,3/13/18 15:46,Highway 183 And Loyola Lane in Austin (TX),30.302603,-97.6611105,Stray,Normal,Dog,Spayed Female,2 years,Pit Bull Mix
A768160,Galey,3/14/18 13:14,Travis (TX),31.1354588,-97.0027678,Public Assist,Normal,Dog,Intact Female,2 years,Pit Bull Mix
A768186,*Anya,3/14/18 14:06,1925 Airport Boulevard in Austin (TX),30.2833068,-97.7038894,Stray,Normal,Dog,Intact Female,2 years,American Pit Bull Terrier Mix
A768196,Nero,3/14/18 14:44,6710 Arroyo Seco in Austin (TX),30.3406486,-97.7305689,Stray,Normal,Dog,Intact Male,7 months,American Pit Bull Terrier Mix
A768199,Biggie,3/14/18 15:22,Gracy Farms Lane And Swearingen Drive in Austin (TX),30.3956827,-97.6925762,Stray,Normal,Dog,Intact Male,2 years,Labrador Retriever/Pit Bull
A754545,Lucky,3/14/18 18:54,Thaxton Road in Austin (TX),30.1344095,-97.7343511,Stray,Normal,Dog,Intact Male,1 year,Labrador Retriever/Pit Bull
A711169,Beyonce,3/14/18 23:43,414 Thomnpson  Lane in Austin (TX),30.2409822,-97.6826241,Stray,Normal,Dog,Spayed Female,4 years,American Pit Bull Terrier Mix
A768226,Diana,3/15/18 11:51,Austin (TX),30.267153,-97.7430608,Owner Surrender,Normal,Dog,Spayed Female,6 years,Pit Bull/Rat Terrier
A768234,*Rosie,3/15/18 14:23,11511 Metric Boulevard in Austin (TX),30.39457,-97.706483,Stray,Normal,Dog,Intact Female,2 years,Pit Bull Mix
A768263,Bubba,3/15/18 19:45,4604 Parkdale Pl in Austin (TX),30.2227119,-97.786223,Stray,Normal,Dog,Intact Male,2 years,Pit Bull Mix
A687986,*Patron,3/16/18 11:35,6500 Springdale Road in Austin (TX),30.3082059,-97.6699866,Stray,Normal,Dog,Neutered Male,4 years,Pit Bull Mix
A768287,,3/16/18 13:24,6211 West William Cannon Drive in Austin (TX),30.2303642,-97.8654003,Stray,Normal,Dog,Intact Female,9 months,Pit Bull Mix
A716018,Luke,3/16/18 15:19,Austin (TX),30.267153,-97.7430608,Owner Surrender,Normal,Dog,Neutered Male,2 years,Pit Bull Mix
A768312,Le Dog,3/16/18 18:58,1156 West Cesar Chavez Street in Austin (TX),30.269764,-97.7591144,Stray,Normal,Dog,Intact Male,4 months,Pit Bull Mix
A768333,*Twitch,3/17/18 12:50,Gracy Farms And Metric Boulevard in Austin (TX),30.3982545,-97.7043395,Stray,Normal,Dog,Intact Female,2 years,Pit Bull Mix
A722084,Ivy,3/18/18 12:24,12414 Stoneridge Gap in Manor (TX),30.3654537,-97.5197112,Stray,Normal,Dog,Spayed Female,3 years,Pit Bull Mix
A721281,Alize,3/18/18 12:34,6804 Ferrystone Pass in Del Valle (TX),30.1610113,-97.6368206,Stray,Normal,Dog,Spayed Female,5 years,Pit Bull Mix
A737854,Zeus,3/18/18 14:23,Pflugerville (TX),30.4548451,-97.6222665,Owner Surrender,Normal,Dog,Spayed Female,1 year,German Shepherd/Pit Bull
A743089,Pebbles,3/18/18 22:16,2109 Red Stone Ln in Austin (TX),30.4184536,-97.6961278,Stray,Normal,Dog,Intact Female,3 years,Pit Bull Mix
A750065,Millie,3/19/18 11:23,Austin (TX),30.267153,-97.7430608,Public Assist,Normal,Dog,Spayed Female,1 year,Pit Bull Mix
A768422,,3/19/18 13:20,1009 West Dittmar Road in Austin (TX),30.18505,-97.8020854,Stray,Normal,Dog,Intact Female,1 year,Pit Bull Mix
A768429,Snow White,3/19/18 13:41,106 Cloudview in Austin (TX),30.1895951,-97.7810425,Stray,Normal,Dog,Intact Female,3 years,Pit Bull Mix
A768237,Chopper,3/19/18 17:20,Austin (TX),30.267153,-97.7430608,Public Assist,Normal,Dog,Intact Male,1 year,Pit Bull Mix
A768445,Prince,3/19/18 19:04,Austin (TX),30.267153,-97.7430608,Public Assist,Normal,Dog,Intact Male,6 years,Pit Bull Mix
A768467,*Torr,3/20/18 8:54,West Road And Fawnridge in Austin (TX),30.1537813,-97.4996163,Stray,Normal,Dog,Intact Male,1 year,Pit Bull Mix
A765336,Ice,3/20/18 10:07,Mary Street in Austin (TX),30.2476317,-97.7599468,Stray,Normal,Dog,Spayed Female,1 year,Pit Bull Mix
A765394,*Bumper,3/20/18 11:36,Austin (TX),30.267153,-97.7430608,Owner Surrender,Normal,Dog,Neutered Male,2 years,Pit Bull Mix
A729287,King,3/20/18 13:28,9300 Fm 812 in Austin (TX),30.1601206,-97.683317,Stray,Normal,Dog,Neutered Male,2 years,Pit Bull Mix
A766731,Nieko,3/20/18 15:03,Austin (TX),30.267153,-97.7430608,Owner Surrender,Normal,Dog,Neutered Male,1 year,Labrador Retriever/Pit Bull
A767804,Khaza,3/20/18 17:08,124 Anderson in Austin (TX),30.3446809,-97.7052255,Stray,Normal,Dog,Intact Female,2 years,Pit Bull Mix
A768521,,3/20/18 19:03,1103 Silverton Court in Austin (TX),30.3848294,-97.661487,Stray,Normal,Dog,Intact Female,2 years,Pit Bull Mix
A768492,Andrew,3/21/18 9:44,2302 Rachael Ct in Austin (TX),30.1776957,-97.8273408,Public Assist,Normal,Dog,Neutered Male,5 years,Pit Bull Mix
A768535,,3/21/18 11:42,834 Neans Drive in Austin (TX),30.3735411,-97.6928623,Stray,Normal,Dog,Intact Male,4 days,Pit Bull Mix
A768539,,3/21/18 11:42,834 Neans Drive in Austin (TX),30.3735411,-97.6928623,Stray,Normal,Dog,Intact Male,4 days,Pit Bull Mix
A768537,,3/21/18 11:42,834 Neans Drive in Austin (TX),30.3735411,-97.6928623,Stray,Normal,Dog,Intact Female,4 days,Pit Bull Mix
A768542,,3/21/18 11:42,834 Neans Drive in Austin (TX),30.3735411,-97.6928623,Stray,Normal,Dog,Intact Female,4 days,Pit Bull Mix
A768536,,3/21/18 11:42,834 Neans Drive in Austin (TX),30.3735411,-97.6928623,Stray,Normal,Dog,Intact Female,4 days,Pit Bull Mix
A768541,,3/21/18 11:42,834 Neans Drive in Austin (TX),30.3735411,-97.6928623,Stray,Normal,Dog,Intact Male,4 days,Pit Bull Mix
A768538,,3/21/18 11:42,834 Neans Drive in Austin (TX),30.3735411,-97.6928623,Stray,Normal,Dog,Intact Male,4 days,Pit Bull Mix
A768540,,3/21/18 11:42,834 Neans Drive in Austin (TX),30.3735411,-97.6928623,Stray,Normal,Dog,Intact Female,4 days,Pit Bull Mix
A768534,*Kit Kat,3/21/18 11:42,834 Neans Drive in Austin (TX),30.3735411,-97.6928623,Stray,Normal,Dog,Intact Female,1 year,Pit Bull Mix
A730144,Dodger,3/21/18 13:48,8106 Brodie Lane in Austin (TX),30.20222,-97.8387077,Stray,Normal,Dog,Neutered Male,4 years,Pit Bull Mix
A730141,Chico,3/21/18 15:37,Travis (TX),31.1354588,-97.0027678,Stray,Normal,Dog,Intact Male,2 years,Pit Bull Mix
A768579,,3/21/18 17:46,Guerrero Street in Del Valle (TX),30.2065706,-97.6356545,Stray,Normal,Dog,Intact Female,3 months,Pit Bull Mix
A697386,Cleo,3/22/18 10:26,10616 Doyle Road in Del Valle (TX),30.0943938,-97.62436,Stray,Normal,Dog,Spayed Female,3 years,Pit Bull Mix
A768580,Lyric,3/22/18 10:26,10616 Doyle Road in Del Valle (TX),30.0943938,-97.62436,Stray,Normal,Dog,Spayed Female,6 years,Pit Bull Mix
A768585,Jonezie,3/22/18 11:26,18810 Highway 290 East in Travis (TX),30.3528964,-97.4125073,Stray,Normal,Dog,Intact Female,9 months,Pit Bull Mix
A768626,Mocha,3/22/18 17:02,Fm 812 And Lonesome Lane in Del Valle (TX),30.1442573,-97.6725612,Stray,Normal,Dog,Spayed Female,7 years,Pit Bull Mix
A768625,Gracie,3/22/18 17:39,12813 Noche Clara Drive in Del Valle (TX),30.1683776,-97.6227113,Stray,Normal,Dog,Intact Female,4 years,Pit Bull Mix
A768628,,3/22/18 18:12,Holly Street And Lynn Street in Austin (TX),30.2530254,-97.7250169,Stray,Normal,Dog,Intact Female,1 year,Pit Bull Mix
A767955,Ghost,3/22/18 18:23,Round Rock (TX),30.5082551,-97.678896,Owner Surrender,Normal,Dog,Neutered Male,3 months,Pit Bull/Australian Cattle Dog
A768637,*Donald,3/23/18 6:47,4106 N Lamar in Austin (TX),30.3094768,-97.7407154,Stray,Normal,Dog,Intact Male,1 year,Pit Bull Mix
A744649,Oreo,3/23/18 10:28,7014 Elroy Road in Del Valle (TX),30.1583685,-97.6441418,Stray,Normal,Dog,Intact Female,1 year,Pit Bull Mix
A739583,Halo,3/23/18 12:07,Austin (TX),30.267153,-97.7430608,Public Assist,Normal,Dog,Neutered Male,2 years,Pit Bull Mix
A768689,Princess,3/23/18 16:04,Austin (TX),30.267153,-97.7430608,Owner Surrender,Normal,Dog,Spayed Female,2 years,Pit Bull Mix
A768701,Boomer,3/23/18 16:36,Highway 71 And Ranch Road 620 in Austin (TX),30.3085228,-97.9454294,Stray,Normal,Dog,Intact Male,2 years,Pit Bull Mix
A768317,B,3/24/18 13:10,Austin (TX),30.267153,-97.7430608,Public Assist,Normal,Dog,Intact Male,11 months,Pit Bull Mix
A768737,Major,3/24/18 13:46,Outside Jurisdiction,,,Owner Surrender,Injured,Dog,Neutered Male,7 months,American Pit Bull Terrier Mix
A693574,Buddy,3/24/18 18:29,Pearce Lane And Fm 973 in Del Valle (TX),30.1805802,-97.6466179,Stray,Other,Dog,Neutered Male,11 years,Pit Bull Mix
A768787,,3/25/18 1:05,8105 Linden Rd in Travis (TX),30.1383127,-97.5835061,Stray,Normal,Dog,Intact Male,2 years,Pit Bull Mix
A768797,,3/25/18 11:16,Decker Lane And Fm 969 in Austin (TX),30.276794,-97.6372739,Stray,Normal,Dog,Intact Female,1 year,Pit Bull Mix
A768802,Sicario,3/25/18 11:59,124 West Anderson Lane in Austin (TX),30.3446809,-97.7052255,Stray,Normal,Dog,Neutered Male,2 years,Pit Bull Mix
A768809,*Amos,3/25/18 12:37,Rainey Street And River Street in Austin (TX),30.257836,-97.739052,Stray,Normal,Dog,Intact Male,7 years,American Pit Bull Terrier Mix
A751228,Jax,3/25/18 13:53,Austin (TX),30.267153,-97.7430608,Owner Surrender,Normal,Dog,Neutered Male,1 year,Pit Bull Mix
A768820,,3/25/18 15:32,7905 San Felipe Boulevard in Austin (TX),30.4379851,-97.7688988,Stray,Normal,Dog,Intact Male,3 months,Pit Bull Mix
A768830,*Gru,3/25/18 16:58,Austin (TX),30.267153,-97.7430608,Stray,Normal,Dog,Intact Male,1 year,Pit Bull Mix
A768893,,3/26/18 18:20,Ih 35 And 290 in Austin (TX),30.2508807,-97.7358822,Stray,Normal,Dog,Intact Female,2 years,Pit Bull Mix
A768899,Opian,3/27/18 11:17,Austin (TX),30.267153,-97.7430608,Public Assist,Normal,Dog,Neutered Male,3 years,Pit Bull Mix
A667596,*Snickers,3/27/18 12:23,Strickland And United Kingdom in Austin (TX),30.1827379,-97.8071266,Stray,Normal,Dog,Spayed Female,5 years,Pit Bull Mix
A730569,Mama,3/27/18 14:10,1621 Rutland Drive in Austin (TX),30.3719453,-97.7115669,Stray,Normal,Dog,Spayed Female,3 years,Pit Bull Mix
A730568,Chuco,3/27/18 14:10,1621 Rutland Drive in Austin (TX),30.3719453,-97.7115669,Stray,Normal,Dog,Neutered Male,3 years,Pit Bull Mix
A768928,Blanca,3/27/18 16:54,2800 Metcalfe Dr in Austin (TX),30.2242083,-97.7379358,Stray,Normal,Dog,Intact Female,2 years,Pit Bull Mix
A768956,Lucky,3/27/18 22:13,8311 Horton Trail in Austin (TX),30.2040104,-97.8465911,Owner Surrender,Injured,Dog,Neutered Male,3 years,Labrador Retriever/Pit Bull
A768957,Sandy,3/28/18 7:10,W St Elmo in Austin (TX),30.2209078,-97.7702365,Public Assist,Sick,Dog,Intact Female,1 year,Pit Bull Mix
A768974,Shelby,3/28/18 12:36,1915 Wells Branch Parkway in Austin (TX),30.4336657,-97.6805756,Stray,Normal,Dog,Spayed Female,1 year,Pit Bull Mix
A760711,Louie,3/28/18 12:41,Leander (TX),30.5788055,-97.8530686,Owner Surrender,Normal,Dog,Neutered Male,2 years,Pit Bull Mix
A765714,*Sierra,3/28/18 12:44,Leander (TX),30.5788055,-97.8530686,Owner Surrender,Normal,Dog,Spayed Female,1 year,Pit Bull Mix
A768976,Rusty,3/28/18 14:08,Austin (TX),30.267153,-97.7430608,Owner Surrender,Normal,Dog,Neutered Male,6 years,Pit Bull Mix
A769014,,3/28/18 18:08,1044 Norwood Park Boulevard in Austin (TX),30.33641,-97.69135,Stray,Normal,Dog,Intact Male,1 month,Pit Bull Mix
A769021,,3/28/18 18:53,Taylor Lane in Manor (TX),30.2799409,-97.5407427,Stray,Normal,Dog,Intact Male,3 years,Pit Bull Mix
A769029,*Jeremy,3/29/18 9:37,3811 E 12Th St in Austin (TX),30.2767368,-97.690339,Stray,Normal,Dog,Intact Male,3 years,Pit Bull Mix
A769032,,3/29/18 11:35,East Riverside Drive And Rivers Edge Way in Austin (TX),30.2282555,-97.7105785,Stray,Normal,Dog,Intact Female,3 years,Pit Bull Mix
A730769,Damon,3/29/18 14:21,Outside Jurisdiction,,,Owner Surrender,Normal,Dog,Neutered Male,4 years,American Bulldog/Pit Bull
A769050,*Durango,3/29/18 14:30,Alpine Drive And Swiss Drive in Del Valle (TX),30.1288498,-97.6162401,Stray,Injured,Dog,Intact Male,6 months,Pit Bull Mix
A701265,Blue,3/29/18 17:45,Travis (TX),31.1354588,-97.0027678,Stray,Normal,Dog,Neutered Male,4 years,Pit Bull Mix
A768923,Ice,3/29/18 19:29,Austin (TX),30.267153,-97.7430608,Public Assist,Normal,Dog,Intact Male,2 years,Pit Bull/Dalmatian
A769076,Kalypso,3/30/18 7:34,1938 Dapplegrey in Austin (TX),30.4183797,-97.6833422,Stray,Injured,Dog,Spayed Female,3 years,Pit Bull Mix
A769083,,3/30/18 11:16,2400 East Cesar Chavez Street in Austin (TX),30.2548705,-97.717103,Stray,Normal,Dog,Intact Male,2 years,Pit Bull Mix
A769142,,3/30/18 16:37,12412 Briarcreek Loop in Manor (TX),30.3224395,-97.5334188,Stray,Normal,Dog,Intact Female,1 year,Pit Bull
A769143,,3/31/18 10:21,Delmar Avenue And Duval Street in Austin (TX),30.3375948,-97.7050897,Stray,Normal,Dog,Intact Female,1 year,Pit Bull Mix
A769145,Clara,3/31/18 11:28,Yupon And Spicewood Springs in Austin (TX),30.3909704,-97.7768294,Stray,Normal,Dog,Spayed Female,2 years,Pit Bull Mix
A769157,,3/31/18 13:23,Old Kimbro Road in Manor (TX),30.3407079,-97.5068461,Stray,Injured,Dog,Intact Male,1 year,Pit Bull Mix
A763630,Judge,3/31/18 13:36,2430 Cromwell Cir in Austin (TX),30.226677,-97.72095,Stray,Injured,Dog,Intact Male,1 year,Pit Bull Mix
A769162,,3/31/18 14:31,13134 N Turnersville Rd in Travis (TX),30.1004177,-97.7820492,Stray,Injured,Dog,Intact Female,5 years,Pit Bull Mix
A769165,,3/31/18 14:49,969 And 973 in Austin (TX),30.2303043,-97.6287837,Stray,Normal,Dog,Intact Female,2 years,Pit Bull Mix
A769135,Gypsy,3/31/18 14:50,4603 Whispering Valley Drive in Austin (TX),30.4164634,-97.7312949,Stray,Normal,Dog,Spayed Female,8 years,Pit Bull Mix
A769187,,4/1/18 8:54,Mustang Ridge (TX),30.0568828,-97.6911124,Owner Surrender,Sick,Dog,Intact Female,2 weeks,Boxer/Pit Bull
A769188,,4/1/18 8:54,Mustang Ridge (TX),30.0568828,-97.6911124,Owner Surrender,Sick,Dog,Intact Female,2 weeks,Boxer/Pit Bull
A769189,,4/1/18 8:54,Mustang Ridge (TX),30.0568828,-97.6911124,Owner Surrender,Sick,Dog,Intact Male,2 weeks,Boxer/Pit Bull
A769190,,4/1/18 8:54,Mustang Ridge (TX),30.0568828,-97.6911124,Owner Surrender,Sick,Dog,Intact Female,2 weeks,Boxer/Pit Bull
A769185,Nala,4/1/18 8:54,Mustang Ridge (TX),30.0568828,-97.6911124,Owner Surrender,Sick,Dog,Intact Female,1 year,Boxer/Pit Bull
A769191,,4/1/18 8:54,Mustang Ridge (TX),30.0568828,-97.6911124,Owner Surrender,Sick,Dog,Intact Female,2 weeks,Boxer/Pit Bull
A769186,,4/1/18 8:54,Mustang Ridge (TX),30.0568828,-97.6911124,Owner Surrender,Sick,Dog,Intact Male,2 weeks,Boxer/Pit Bull
A765714,*Sierra,4/2/18 11:02,Austin (TX),30.267153,-97.7430608,Owner Surrender,Normal,Dog,Spayed Female,1 year,Pit Bull Mix
A744649,Oreo,4/2/18 13:35,Austin (TX),30.267153,-97.7430608,Owner Surrender,Normal,Dog,Spayed Female,1 year,Pit Bull Mix
A769287,Clyde,4/2/18 17:08,3110 Crownover in Travis (TX),30.2294536,-97.5889975,Stray,Normal,Dog,Intact Male,1 year,Pit Bull Mix
A769291,Branch,4/2/18 17:29,8406 Garcreek Circle in Austin (TX),30.2947295,-97.6289818,Stray,Normal,Dog,Neutered Male,3 months,Pit Bull Mix
A769295,Tank,4/2/18 23:11,21935 Briarcliff Drive in Travis (TX),30.4083382,-98.0491173,Public Assist,Normal,Dog,Intact Male,2 years,Pit Bull Mix
A769305,,4/3/18 11:41,6200 Loyola in Austin (TX),30.3029683,-97.6496185,Stray,Normal,Dog,Intact Female,3 years,American Pit Bull Terrier Mix
A720866,*Titus,4/3/18 13:33,7409 Artic Ct in Travis (TX),30.3082309,-97.6409498,Stray,Injured,Dog,Neutered Male,6 years,Pit Bull Mix
A769313,,4/3/18 13:37,Austin (TX),30.267153,-97.7430608,Stray,Normal,Dog,Intact Male,2 years,Pit Bull Mix
A769335,,4/3/18 16:31,East Ben White Boulevard And Catalina Drive in Austin (TX),30.2161865,-97.738763,Stray,Normal,Dog,Intact Male,1 month,Pit Bull Mix
